iteration,error_rho,error_v,error_T
1,0.01788,0.0234409,0.0412279
2,0.00878209,0.0223677,0.00593405
3,0.00660963,0.0265008,0.00351841
4,0.00577825,0.0339464,0.0031843
5,0.00557217,0.0478514,0.00342586
6,0.00559991,0.082273,0.00369651
7,0.00566076,0.343611,0.00385494
8,0.00566268,0.13864,0.00387524
9,0.00556408,0.0582862,0.00375698
10,0.00535229,0.0469708,0.00349241
11,0.00506344,0.0595118,0.00313308
12,0.00473365,0.117886,0.00271908
13,0.00440258,1.07835,0.00229011
14,0.00411141,0.0959786,0.00189312
15,0.00389932,0.0671477,0.00159504
16,0.00379401,0.101183,0.00147303
17,0.00379837,1.19485,0.00155276
18,0.00389144,0.113058,0.00177169
19,0.00403396,0.0623192,0.00203881
20,0.00418759,0.0665913,0.00228946
21,0.00431888,0.133529,0.00248412
22,0.00440293,0.519409,0.00259914
23,0.00442321,0.0893077,0.00262173
24,0.0043755,0.0638234,0.00254552
25,0.00427031,0.0877817,0.00237757
26,0.00413482,0.369366,0.00214944
27,0.00400117,0.144981,0.00190443
28,0.00389986,0.0687759,0.00169781
29,0.00385515,0.0664106,0.00158409
30,0.0038751,0.114622,0.00158904
31,0.00394958,2.41316,0.00168898
32,0.0040546,0.102783,0.00183198
33,0.0041637,0.0647847,0.00197095
34,0.00425619,0.0736051,0.0020768
35,0.0043205,0.167924,0.00213616
36,0.0043527,0.281704,0.00214645
37,0.00435285,0.0813808,0.00211141
38,0.00432853,0.0633051,0.00203914
39,0.00429278,0.0824597,0.00194669
40,0.00425834,0.245877,0.00185187
41,0.00423414,0.18086,0.00177158
42,0.00422484,0.0739027,0.00171897
43,0.00423239,0.0631971,0.00170122
44,0.00425502,0.0882827,0.00171723
45,0.00428768,0.347206,0.0017584
46,0.00432086,0.147338,0.00181134
47,0.00434705,0.0697416,0.00186224
48,0.00436041,0.0640564,0.0019004
49,0.00435829,0.0945409,0.001919
50,0.00434166,0.494884,0.00191583
51,0.00431215,0.131869,0.00189139
52,0.0042769,0.0712762,0.00185162
53,0.0042459,0.072119,0.00180709
54,0.00422992,0.125402,0.00176996
55,0.00423535,0.885294,0.00175061
56,0.00426691,0.100121,0.00175499
57,0.00432554,0.07383,0.00178412
58,0.00440807,0.0937636,0.00183343
59,0.00450728,0.346961,0.00189444
60,0.00461074,0.149624,0.00195699
61,0.00470757,0.0777647,0.00201171
62,0.00478886,0.0725297,0.00205257
63,0.00484865,0.0978388,0.00207653
64,0.00488249,0.469038,0.00208297
65,0.00488653,0.134163,0.00207233
66,0.00486334,0.0756708,0.00204811
67,0.00481903,0.0659913,0.00201573
68,0.00476083,0.0717606,0.00198106
69,0.00469366,0.112916,0.00194816
70,0.00462626,2.67679,0.00192059
71,0.00456703,0.112413,0.00190129
72,0.00452281,0.0745352,0.00189135
73,0.00449625,0.0750058,0.00188995
74,0.00448443,0.101787,0.00189331
75,0.00448591,0.287098,0.00189814
76,0.00449884,0.247992,0.00190237
77,0.00452131,0.202395,0.00190475
78,0.00455014,0.445094,0.00190489
79,0.00457973,0.15059,0.00190162
80,0.00461054,0.307933,0.0018958
81,0.0046442,0.259668,0.00188964
82,0.00468321,0.199925,0.0018854
83,0.00472748,0.111464,0.0018846
84,0.0047743,0.195505,0.00188604
85,0.00482463,1.14447,0.00188991
86,0.0048799,2.89399,0.00189714
87,0.00494075,0.125033,0.00190846
88,0.00500473,0.104222,0.00192358
89,0.00506523,0.162032,0.00194054
90,0.00512084,0.511681,0.00196028
91,0.00517192,0.509308,0.00198461
92,0.00521904,9.00182,0.002015
93,0.00525844,0.450169,0.00205027
94,0.00528647,0.452781,0.00208867
95,0.00530572,0.415135,0.00213057
96,0.0053207,6.47009,0.00217608
97,0.00533603,6.50539,0.0022244
98,0.00534891,0.455169,0.00227473
99,0.00535834,0.174158,0.00232027
100,0.00537143,24.2867,0.00235862
101,0.00539413,0.753986,0.00238954
102,0.00543064,0.656071,0.00241332
103,0.00547242,0.521684,0.00243518
104,0.00551475,0.244445,0.00244934
105,0.00556437,1.17634,0.00245415
106,0.00562362,2.79732,0.0024538
107,0.00569338,0.164923,0.00245285
108,0.0057718,0.186503,0.00245516
109,0.00584229,1.99854,0.00246259
110,0.00590533,1.05365,0.0024713
111,0.00596284,0.963294,0.0024834
112,0.00601711,0.246742,0.00249992
113,0.00607016,0.148677,0.00252188
114,0.00611229,0.355889,0.00254309
115,0.00614283,0.456092,0.0025665
116,0.00616935,0.203267,0.00259698
117,0.00620104,1.23155,0.00264022
118,0.00624635,0.395941,0.00270158
119,0.00630713,0.432382,0.00278357
120,0.00637575,0.18447,0.00288644
121,0.006461,0.132141,0.00302024
122,0.00657642,0.31366,0.00319745
123,0.00673516,0.388904,0.00342899
124,0.00693855,0.427739,0.00372208
125,0.00718342,0.250601,0.00406516
126,0.00747517,2.13648,0.00444346
127,0.0078105,0.163159,0.00483856
128,0.00817914,0.53411,0.0052286
129,0.00856657,0.494063,0.00559116
130,0.00895759,0.322139,0.00590575
131,0.00934018,0.114812,0.00615793
132,0.00970964,0.147074,0.00634836
133,0.0100675,0.728196,0.0065031
134,0.0104214,0.16448,0.00667387
135,0.0107826,0.611498,0.00691401
136,0.0111234,0.10123,0.00722977
137,0.01141,0.137877,0.00753835
138,0.0115892,0.766011,0.00774453
139,0.0117111,0.116722,0.00778893
140,0.0118065,0.0936138,0.00767611
141,0.0118809,0.158051,0.00745687
142,0.0119424,0.269963,0.00723648
143,0.0120088,0.102398,0.00717718
144,0.0120361,0.389667,0.00739203
145,0.0120053,0.163627,0.00773852
146,0.0119181,0.0817965,0.00799183
147,0.0118642,0.0720979,0.00801459
148,0.0118546,0.0886834,0.00781155
149,0.0118802,0.179578,0.00747087
150,0.0119268,0.285635,0.00712408
151,0.0119887,0.244089,0.00693707
152,0.0119112,0.0862149,0.00703118
153,0.0117937,0.0611841,0.00724478
154,0.0116185,0.0601298,0.00740474
155,0.011461,0.0801373,0.00738118
156,0.0113494,0.195041,0.00717194
157,0.0112791,0.288362,0.00684688
158,0.0112394,0.122334,0.00650856
159,0.0112001,0.179004,0.00629688
160,0.0110197,0.0754771,0.00629212
161,0.01082,0.814903,0.00640011
162,0.0106111,0.211654,0.0065089
163,0.0104211,0.101518,0.00649877
164,0.0102898,0.0703559,0.00634514
165,0.0102111,0.0556461,0.00608782
166,0.0101707,0.0460872,0.00579343
167,0.0101574,0.0384835,0.00554393
168,0.0100172,0.0338616,0.00544895
169,0.00982276,0.0339592,0.00544314
170,0.0096301,0.0362047,0.00550037
171,0.00944116,0.0372628,0.00553829
172,0.00927554,0.0364663,0.00548935
173,0.00916321,0.0344795,0.00534774
174,0.00909669,0.0318965,0.00514219
175,0.00906321,0.029267,0.00491534
176,0.00905203,0.0272089,0.00471663
177,0.00891794,0.0261111,0.0046223
178,0.00873093,0.0257912,0.00457296
179,0.00853895,0.0258261,0.00457622
180,0.00838013,0.025755,0.00460329
181,0.00822954,0.0251816,0.00459893
182,0.00812151,0.0242507,0.00454033
183,0.00806009,0.0231855,0.00443245
184,0.00803237,0.0221607,0.00429397
185,0.00802232,0.0212545,0.00414824
186,0.00801134,0.020555,0.0040284
187,0.00789038,0.0200203,0.00396746
188,0.00773136,0.0196024,0.00392243
189,0.007569,0.0193458,0.00391218
190,0.00743305,0.0192295,0.00393118
191,0.00733714,0.0191691,0.00395481
192,0.00724967,0.0189553,0.00394986
193,0.00720307,0.0186319,0.00391133
194,0.00718834,0.0181923,0.00384325
195,0.00719617,0.0177041,0.0037567
196,0.0072181,0.0172705,0.00366611
197,0.00721252,0.016992,0.00360325
198,0.00712831,0.0168143,0.00355945
199,0.00701823,0.0167324,0.00352483
200,0.0069075,0.0167155,0.00351532
201,0.00681817,0.016717,0.00353115
202,0.00676637,0.0166925,0.00355872
203,0.00672222,0.0165054,0.00357096
204,0.00670542,0.016207,0.00355979
205,0.00671754,0.0158465,0.00352549
206,0.00675024,0.0154743,0.00347349
207,0.00679526,0.0151538,0.00341305
208,0.00682713,0.0149479,0.00336462
209,0.00677881,0.0148097,0.00333098
210,0.00669557,0.0147,0.00329306
211,0.00659954,0.0146237,0.00326918
212,0.00651189,0.0145669,0.00326809
213,0.00644967,0.014507,0.00328584
214,0.00641307,0.0143974,0.00330695
215,0.00638084,0.0141687,0.00331093
216,0.00637704,0.0139019,0.00329701
217,0.00639561,0.0136319,0.00326532
218,0.0064294,0.0134093,0.00322068
219,0.0064692,0.0132881,0.00317256
220,0.00643016,0.0132416,0.00313937
221,0.00635331,0.0132004,0.0030896
222,0.00625689,0.0131537,0.00304078
223,0.00616045,0.0130933,0.003007
224,0.00608091,0.0130076,0.00299311
225,0.00603066,0.012892,0.00299436
226,0.00599144,0.0126961,0.00299336
227,0.00596781,0.0124525,0.00298113
228,0.00596862,0.012226,0.00295675
229,0.00598771,0.0120556,0.00292082
230,0.00601876,0.0119753,0.0028775
231,0.00600569,0.0119755,0.00284338
232,0.00594115,0.011971,0.00279517
233,0.00585004,0.0119257,0.00273642
234,0.00574855,0.011836,0.00268095
235,0.00565175,0.0117029,0.00263919
236,0.00557204,0.0115337,0.00261493
237,0.00551792,0.0113431,0.00260534
238,0.00547114,0.0111037,0.00259705
239,0.00543741,0.0108549,0.00258478
240,0.00542381,0.0106442,0.00256786
241,0.0054252,0.0104892,0.00254579
242,0.00543666,0.0104002,0.00252049
243,0.00539129,0.0103363,0.00250346
244,0.00531363,0.010235,0.00246804
245,0.00521447,0.0100825,0.0024215
246,0.00510562,0.00988696,0.00237299
247,0.00499782,0.00966115,0.00233011
248,0.00489999,0.00942191,0.00229739
249,0.00481863,0.00918838,0.00227562
250,0.00475752,0.00897931,0.0022627
251,0.00469523,0.00876607,0.00224732
252,0.00464719,0.00859314,0.00223162
253,0.00461281,0.00846819,0.00221456
254,0.00458896,0.00839028,0.00219578
255,0.00456357,0.00835292,0.00217885
256,0.00449527,0.00831146,0.00216138
257,0.0044047,0.00823166,0.00212993
258,0.00429931,0.00811687,0.00208882
259,0.00418645,0.00797635,0.00204289
260,0.00407307,0.00782215,0.00199667
261,0.00396522,0.00766654,0.00195379
262,0.003868,0.00752086,0.00191652
263,0.00378536,0.00739447,0.00188576
264,0.00371993,0.0072934,0.00186116
265,0.00367283,0.00722009,0.00184155
266,0.0036288,0.00714325,0.00181959
267,0.00359843,0.00708453,0.00179852
268,0.00358183,0.00704462,0.00177831
269,0.00357698,0.00702076,0.00175873
270,0.00356026,0.00700302,0.00174373
271,0.00352411,0.00696067,0.00172266
272,0.00347808,0.00689261,0.00169359
273,0.00342573,0.00680349,0.00165887
274,0.00337061,0.0066992,0.00162108
275,0.00331598,0.00658557,0.0015829
276,0.00326507,0.00646938,0.00154701
277,0.0032207,0.00635644,0.00151566
278,0.00318511,0.00625135,0.00149045
279,0.00315985,0.00615738,0.0014722
280,0.00314543,0.00607619,0.00146096
281,0.00314181,0.0060089,0.00145623
282,0.00314568,0.00595097,0.00145614
283,0.00314796,0.00588786,0.00145649
284,0.00315633,0.00583859,0.00145976
285,0.00316915,0.00580344,0.00146513
286,0.00317235,0.0057774,0.0014741
287,0.00315671,0.00574029,0.00147953
288,0.00312939,0.00569146,0.00147909
289,0.00309273,0.00563297,0.00147389
290,0.00304917,0.00556764,0.00146514
291,0.00300151,0.0054993,0.00145431
292,0.00295242,0.00543159,0.00144283
293,0.00290442,0.00536778,0.00143203
294,0.00285977,0.00531051,0.001423
295,0.00282037,0.00526166,0.00141653
296,0.00278763,0.00522238,0.00141291
297,0.0027624,0.00519311,0.00141223
298,0.00274525,0.00517414,0.00141436
299,0.00273628,0.00516539,0.00141905
300,0.00272877,0.00515397,0.00142282
301,0.00272436,0.00514349,0.00142638
302,0.00272556,0.00513958,0.00143119
303,0.00272066,0.00513597,0.00143814
304,0.00270561,0.00511949,0.00144298
305,0.00268406,0.00508876,0.00144509
306,0.00265748,0.0050448,0.00144528
307,0.00262734,0.00498932,0.00144442
308,0.00259522,0.00492499,0.00144335
309,0.00256264,0.00485485,0.00144292
310,0.00253104,0.00478203,0.00144387
311,0.00250172,0.00470969,0.00144676
312,0.00247593,0.00464091,0.0014519
313,0.00245476,0.00457842,0.00145951
314,0.00243909,0.00452452,0.0014695
315,0.00242951,0.00448085,0.00148156
316,0.00242643,0.00444869,0.00149524
317,0.00243005,0.0044288,0.00151003
318,0.00243352,0.00440883,0.00152124
319,0.002441,0.00439685,0.0015309
320,0.00244759,0.00439119,0.00153965
321,0.00244796,0.00438192,0.00154518
322,0.00244408,0.00436567,0.00154653
323,0.00243738,0.00434275,0.0015438
324,0.00242916,0.00431398,0.00153741
325,0.00242067,0.00428055,0.00152792
326,0.00241294,0.00424359,0.00151598
327,0.00240706,0.0042044,0.0015023
328,0.00240401,0.00416419,0.00148772
329,0.00240462,0.00412402,0.00147303
330,0.00240945,0.00408477,0.00145908
331,0.00241886,0.00404718,0.00144659
332,0.0024329,0.00401194,0.00143615
333,0.00245134,0.00397978,0.00142821
334,0.00247335,0.00395086,0.00142292
335,0.00249128,0.00391512,0.00141657
336,0.00251088,0.00388422,0.00141299
337,0.00252433,0.00385167,0.00141154
338,0.00253278,0.00381552,0.00141104
339,0.00253575,0.00377468,0.00141132
340,0.00253363,0.00372975,0.0014122
341,0.0025274,0.00368261,0.00141374
342,0.00251796,0.0036351,0.00141599
343,0.00250641,0.00358909,0.0014192
344,0.00249379,0.00354634,0.00142355
345,0.00248112,0.00350842,0.00142916
346,0.00246918,0.00347655,0.00143612
347,0.00245865,0.00345172,0.00144445
348,0.00245028,0.00343491,0.00145407
349,0.00244461,0.00342683,0.00146485
350,0.00244199,0.00342792,0.00147656
351,0.00243776,0.00343139,0.00148593
352,0.00243352,0.00343924,0.00149391
353,0.00242677,0.00344668,0.00150071
354,0.00241935,0.00345335,0.00150604
355,0.00241193,0.00345875,0.00150987
356,0.00240394,0.00346066,0.00151192
357,0.00239645,0.0034597,0.00151227
358,0.00239028,0.00345656,0.00151113
359,0.00238612,0.00345202,0.0015088
360,0.00238449,0.00344691,0.00150563
361,0.00238568,0.00344197,0.001502
362,0.00238981,0.00343785,0.0014984
363,0.00239684,0.00343506,0.00149517
364,0.00240654,0.00343388,0.00149278
365,0.00241856,0.00343443,0.00149153
366,0.00242758,0.00342963,0.00148866
367,0.00243412,0.00342056,0.00148568
368,0.00243785,0.00340571,0.00148319
369,0.0024396,0.00338606,0.00148137
370,0.00243989,0.00336258,0.00148027
371,0.00243885,0.00333593,0.00147971
372,0.00243635,0.00330672,0.00147934
373,0.00243327,0.0032777,0.00147909
374,0.00243035,0.00325149,0.00147887
375,0.00242821,0.00323059,0.00147857
376,0.00242539,0.00321444,0.00147689
377,0.00241743,0.00319802,0.00147085
378,0.00241101,0.00319038,0.00146434
379,0.00240627,0.00319113,0.00145736
380,0.00240282,0.00319831,0.00144986
381,0.00239865,0.00320624,0.00144146
382,0.00239438,0.00321398,0.00143239
383,0.00239028,0.00322034,0.00142289
384,0.0023866,0.00322449,0.00141314
385,0.00238354,0.00322608,0.00140333
386,0.00237951,0.00322262,0.00139281
387,0.00237471,0.00321507,0.00138179
388,0.00237008,0.00320573,0.00137089
389,0.00236569,0.00319593,0.00136017
390,0.00236153,0.00318706,0.00134973
391,0.00235755,0.00318032,0.00133963
392,0.00235369,0.00317675,0.00132992
393,0.00234855,0.00317415,0.00132025
394,0.0023424,0.00317327,0.0013107
395,0.00233552,0.00317468,0.00130133
396,0.00232818,0.00317876,0.00129221
397,0.00232069,0.00318577,0.00128342
398,0.00231332,0.00319578,0.001275
399,0.00230618,0.00320851,0.0012669
400,0.00229891,0.0032228,0.00125894
401,0.00229173,0.00323865,0.0012512
402,0.00228469,0.00325566,0.00124371
403,0.00227777,0.0032733,0.00123651
404,0.00227052,0.0032902,0.00122955
405,0.00226238,0.0033047,0.00122273
406,0.0022535,0.00331686,0.00121624
407,0.0022439,0.0033266,0.00121019
408,0.00223366,0.00333409,0.00120473
409,0.00222287,0.00333976,0.00119998
410,0.00221164,0.00334416,0.00119603
411,0.00220004,0.00334799,0.00119294
412,0.002188,0.00335175,0.00119067
413,0.00217528,0.00335573,0.00118907
414,0.00216203,0.00336089,0.00118814
415,0.00214785,0.0033668,0.00118766
416,0.0021328,0.00337398,0.00118752
417,0.00211707,0.00338293,0.00118762
418,0.00210091,0.003394,0.00118783
419,0.00208461,0.00340743,0.00118802
420,0.00206847,0.00342329,0.00118803
421,0.00205281,0.00344152,0.00118772
422,0.00203793,0.00346192,0.00118694
423,0.00202407,0.00348416,0.00118553
424,0.00201134,0.00350764,0.00118333
425,0.00199939,0.00353097,0.00118009
426,0.00198851,0.00355405,0.00117578
427,0.00197884,0.00357664,0.0011704
428,0.0019705,0.00359856,0.00116396
429,0.00196356,0.00361969,0.0011565
430,0.00195803,0.00364001,0.00114809
431,0.00195384,0.00365954,0.00113882
432,0.00195087,0.00367834,0.00112879
433,0.00194894,0.0036965,0.00111814
434,0.00194765,0.00371375,0.00110696
435,0.00194662,0.00373006,0.00109537
436,0.0019455,0.00374547,0.00108352
437,0.00194413,0.00376027,0.00107165
438,0.00194233,0.00377469,0.00105996
439,0.00193994,0.00378886,0.00104866
440,0.00193682,0.00380287,0.0010379
441,0.00193287,0.00381672,0.00102783
442,0.00192803,0.00383031,0.00101854
443,0.00192216,0.00384327,0.00101002
444,0.00191529,0.00385554,0.00100231
445,0.00190751,0.00386703,0.000995388
446,0.00189881,0.00387753,0.000989099
447,0.00188946,0.00388721,0.000983421
448,0.00187969,0.00389623,0.000978256
449,0.00186972,0.00390477,0.000973463
450,0.0018598,0.00391304,0.0009689
451,0.00185006,0.00392105,0.000964372
452,0.0018407,0.00392901,0.000959745
453,0.00183192,0.0039371,0.000954896
454,0.00182389,0.00394538,0.000949719
455,0.00181671,0.00395385,0.00094412
456,0.0018104,0.00396238,0.000938037
457,0.00180505,0.00397091,0.000931468
458,0.00180065,0.00397927,0.000924417
459,0.00179711,0.00398717,0.000916921
460,0.00179432,0.00399445,0.00090904
461,0.00179215,0.00400099,0.000900869
462,0.00179046,0.00400667,0.000892511
463,0.0017891,0.00401145,0.000884111
464,0.00178791,0.0040153,0.000875792
465,0.00178667,0.00401816,0.000867679
466,0.00178528,0.00402008,0.000859911
467,0.00178362,0.00402116,0.000852613
468,0.0017816,0.00402148,0.000845879
469,0.00177914,0.00402113,0.000839768
470,0.00177623,0.00402019,0.000834344
471,0.0017729,0.00401875,0.000829629
472,0.00176915,0.00401682,0.000825602
473,0.00176502,0.00401432,0.000822196
474,0.00176056,0.00401128,0.000819335
475,0.00175588,0.00400774,0.000816959
476,0.00175113,0.00400369,0.000814983
477,0.00174642,0.0039991,0.000813308
478,0.00174188,0.00399395,0.000811836
479,0.0017376,0.0039882,0.000810467
480,0.0017337,0.00398177,0.000809106
481,0.00173023,0.00397464,0.000807671
482,0.00172725,0.00396676,0.00080611
483,0.00172482,0.00395822,0.000804388
484,0.00172298,0.00394905,0.000802481
485,0.00172174,0.00393932,0.00080038
486,0.00172108,0.00392909,0.000798085
487,0.00172099,0.00391846,0.000795629
488,0.00172062,0.00390575,0.000792681
489,0.00172057,0.00389257,0.000789593
490,0.00172083,0.00387906,0.000786434
491,0.00172134,0.00386527,0.000783254
492,0.00172202,0.0038512,0.0007801
493,0.00172282,0.00383683,0.000777016
494,0.00172365,0.00382214,0.00077406
495,0.00172351,0.00380497,0.000770829
496,0.00172332,0.0037874,0.000767787
497,0.00172305,0.00376939,0.00076495
498,0.0017227,0.00375098,0.000762343
499,0.00172226,0.00373216,0.000759977
500,0.00172176,0.00371296,0.000757857
501,0.00172121,0.00369345,0.000755973
502,0.00172062,0.00367367,0.000754326
503,0.00171985,0.00365358,0.000752695
504,0.00171869,0.00363315,0.000751025
505,0.00171709,0.00361246,0.000749371
506,0.00171499,0.00359157,0.000747693
507,0.0017123,0.00357054,0.00074595
508,0.00170895,0.00354938,0.000744093
509,0.00170488,0.00352811,0.000742077
510,0.00169999,0.00350671,0.000739853
511,0.00169419,0.00348513,0.000737374
512,0.00168739,0.00346336,0.000734606
513,0.00167949,0.00344135,0.000731507
514,0.00167041,0.00341908,0.000728034
515,0.00166005,0.0033965,0.000724149
516,0.00164834,0.00337357,0.000719823
517,0.00163524,0.00335031,0.000715032
518,0.00162072,0.00332672,0.000709762
519,0.00160478,0.0033029,0.000704019
520,0.00158556,0.00327533,0.000696966
521,0.00156466,0.00324703,0.000689308
522,0.00154265,0.00321897,0.000681292
523,0.00151969,0.00319133,0.00067298
524,0.00149587,0.00316423,0.00066444
525,0.00147147,0.00313787,0.000655735
526,0.00144673,0.0031124,0.000646949
527,0.00142191,0.00308797,0.000638165
528,0.00139724,0.00306469,0.000629465
529,0.00137311,0.0030427,0.000621027
530,0.00134973,0.00302206,0.00061289
531,0.00132732,0.00300282,0.000605098
532,0.00130605,0.00298498,0.000597708
533,0.00128604,0.00296851,0.000590764
534,0.00126731,0.00295333,0.000584281
535,0.0012499,0.00293943,0.000578307
536,0.0012338,0.00292679,0.000572872
537,0.00121897,0.00291535,0.000568008
538,0.00120534,0.00290512,0.000563747
539,0.00119284,0.00289605,0.000560113
540,0.00118134,0.00288811,0.000557135
541,0.00117075,0.00288127,0.000554839
542,0.00116095,0.00287549,0.000553243
543,0.00115185,0.0028707,0.000552334
544,0.00114336,0.00286685,0.0005521
545,0.00113526,0.00286385,0.000552421
546,0.00112742,0.00286163,0.000553255
547,0.0011198,0.00286015,0.000554573
548,0.0011124,0.00285936,0.000556306
549,0.00110521,0.00285921,0.000558379
550,0.00109826,0.00285964,0.000560713
551,0.00109158,0.00286067,0.000563234
552,0.00108523,0.00286229,0.000565891
553,0.00107921,0.00286437,0.000568534
554,0.00107355,0.00286687,0.000571073
555,0.00106828,0.00286974,0.000573422
556,0.00106344,0.00287295,0.000575505
557,0.00105905,0.0028765,0.000577258
558,0.0010551,0.00288035,0.000578626
559,0.00105157,0.00288449,0.000579572
560,0.00104844,0.00288888,0.00058007
561,0.00104563,0.00289349,0.000580118
562,0.00104309,0.00289832,0.000579728
563,0.00104073,0.00290333,0.000578928
564,0.00103845,0.00290852,0.000577765
565,0.00103617,0.00291388,0.000576304
566,0.00103377,0.00291939,0.000574615
567,0.00103117,0.00292504,0.000572792
568,0.0010283,0.00293085,0.000570941
569,0.0010251,0.00293687,0.000569176
570,0.00102156,0.00294312,0.000567623
571,0.00101766,0.00294967,0.000566411
572,0.00101345,0.00295657,0.000565674
573,0.00100899,0.00296391,0.000565548
574,0.00100443,0.00297179,0.000566149
575,0.000999914,0.00298027,0.000567618
576,0.000995637,0.00298945,0.00057007
577,0.000991845,0.00299937,0.000573601
578,0.000988824,0.0030101,0.000578292
579,0.000986897,0.00302171,0.000584202
580,0.000986409,0.00303423,0.000591369
581,0.000987722,0.00304771,0.000599808
582,0.000991191,0.00306217,0.000609507
583,0.000997155,0.00307762,0.000620428
584,0.00100591,0.00309409,0.000632507
585,0.0010177,0.00311156,0.000645656
586,0.00103269,0.00313002,0.000659765
587,0.00105095,0.00314947,0.000674704
588,0.00107247,0.00316985,0.000690325
589,0.00109714,0.00319112,0.000706468
590,0.00112476,0.00321323,0.000722964
591,0.00115506,0.00323608,0.000739639
592,0.00118771,0.00325958,0.00075632
593,0.00122232,0.0032836,0.000772845
594,0.00125849,0.00330802,0.000789047
595,0.00129581,0.00333268,0.000804781
596,0.00133387,0.00335744,0.000819915
597,0.00137229,0.00338215,0.00083434
598,0.00141072,0.00340668,0.000847968
599,0.00144883,0.00343091,0.000860732
600,0.00148635,0.00345474,0.00087259
601,0.00152307,0.00347812,0.000883524
602,0.00155881,0.00350102,0.000893538
603,0.00159345,0.00352346,0.000902662
604,0.00162693,0.0035455,0.000910941
605,0.00165921,0.00356723,0.000918446
606,0.00169033,0.00358881,0.000925332
607,0.00172029,0.00361041,0.00093169
608,0.00174917,0.00363221,0.000937363
609,0.00177665,0.00365315,0.000942426
610,0.00180068,0.00366758,0.000946793
611,0.00182359,0.00368238,0.000950556
612,0.00184556,0.00369784,0.00095391
613,0.00186676,0.00371426,0.000957065
614,0.0018874,0.00373201,0.000960238
615,0.00190769,0.00375145,0.000963655
616,0.00192785,0.00377301,0.000967518
617,0.00194815,0.00379712,0.000972049
618,0.00196896,0.00382425,0.000977499
619,0.00199066,0.00385488,0.000984092
620,0.00201371,0.00388945,0.000992052
621,0.00203861,0.00392849,0.0010016
622,0.00206593,0.00397256,0.00101293
623,0.00208978,0.00402716,0.00103356
624,0.00210599,0.0040871,0.00105998
625,0.00211986,0.00414583,0.00108409
626,0.00213195,0.0042027,0.00110535
627,0.00214273,0.0042573,0.00112338
628,0.00215251,0.00430942,0.00113807
629,0.00216153,0.00435913,0.00114944
630,0.00216999,0.00440661,0.00115763
631,0.00217802,0.00445214,0.00116288
632,0.00218572,0.00449603,0.0011655
633,0.00219316,0.00453858,0.00116579
634,0.00220039,0.00458004,0.00116411
635,0.00220749,0.00462058,0.00116076
636,0.00221449,0.00466026,0.00115606
637,0.00222147,0.00469898,0.00115029
638,0.0022285,0.0047365,0.00114374
639,0.0022357,0.00477236,0.00113667
640,0.00224318,0.00480587,0.00112934
641,0.00225109,0.00483614,0.001122
642,0.00225961,0.00486198,0.00111492
643,0.00226897,0.00488198,0.00110838
644,0.00227923,0.00489445,0.00110284
645,0.00228597,0.00488574,0.00109758
646,0.00229125,0.00485977,0.00109237
647,0.00229689,0.0048195,0.00108746
648,0.00230303,0.00476326,0.00108313
649,0.00230981,0.00468964,0.00107964
650,0.0023174,0.00459771,0.00107729
651,0.00232604,0.00448722,0.00107639
652,0.00233603,0.00435873,0.0010773
653,0.00234776,0.00421409,0.00108041
654,0.00236186,0.00405719,0.00108615
655,0.00236459,0.00390059,0.00110625
656,0.0023594,0.00373675,0.0011273
657,0.00235044,0.00357089,0.00114572
658,0.00233921,0.0034134,0.00116124
659,0.00232708,0.00327715,0.00117374
660,0.00231523,0.00317626,0.00118315
661,0.00230456,0.00312416,0.00118951
662,0.00229572,0.00313054,0.0011929
663,0.00228906,0.00319868,0.00119344
664,0.00228465,0.00332449,0.00119129
665,0.00228235,0.0034979,0.00118663
666,0.00228187,0.00370547,0.00117969
667,0.00228283,0.00393311,0.00117075
668,0.00228484,0.00416782,0.00116012
669,0.00228752,0.00439866,0.00114816
670,0.00229061,0.004617,0.00113527
671,0.00229393,0.00481639,0.00112186
672,0.0022974,0.00499238,0.00110837
673,0.00230106,0.00514225,0.0010953
674,0.00230494,0.00526465,0.00108293
675,0.00230766,0.00535478,0.00107119
676,0.00230567,0.00540253,0.00105981
677,0.00230369,0.00542382,0.00104938
678,0.00230196,0.00542151,0.00104022
679,0.00230071,0.00539884,0.00103256
680,0.00230018,0.00535934,0.00102665
681,0.00230058,0.00530653,0.00102264
682,0.00230213,0.00524383,0.00102069
683,0.0023053,0.00517524,0.00102109
684,0.00229278,0.00510787,0.00103545
685,0.00227363,0.00503285,0.00104751
686,0.00224978,0.004952,0.00105666
687,0.0022228,0.00486744,0.00106295
688,0.00219422,0.00478127,0.00106656
689,0.00216549,0.00469548,0.00106777
690,0.00213782,0.00461177,0.0010669
691,0.00211229,0.00453162,0.00106425
692,0.0020897,0.00445622,0.00106011
693,0.00207057,0.00438638,0.00105471
694,0.00205513,0.00432258,0.00104821
695,0.00204336,0.00426498,0.00104076
696,0.00203501,0.00421346,0.00103244
697,0.00202972,0.00416775,0.00102338
698,0.002027,0.00412738,0.0010137
699,0.00202636,0.00409187,0.00100355
700,0.00202733,0.00406075,0.000993124
701,0.00202953,0.00403355,0.000982633
702,0.00203263,0.00400991,0.000972366
703,0.00203636,0.00398946,0.000962472
704,0.00204063,0.00397198,0.000953062
705,0.00204354,0.003953,0.000944028
706,0.00204319,0.00392839,0.000935158
707,0.00204274,0.00390591,0.000927099
708,0.0020423,0.00388561,0.000920067
709,0.002042,0.00386761,0.000914253
710,0.00204194,0.00385186,0.000909773
711,0.00204219,0.00383816,0.000906717
712,0.00204308,0.00382699,0.000905264
713,0.0020384,0.00382126,0.00091072
714,0.00202351,0.00381503,0.000919626
715,0.002004,0.00380411,0.000926219
716,0.00198093,0.00378853,0.000930469
717,0.00195538,0.00376867,0.000932449
718,0.00192837,0.00374509,0.000932316
719,0.00190089,0.00371844,0.000930286
720,0.00187376,0.0036894,0.000926621
721,0.00184778,0.00365871,0.000921606
722,0.00182358,0.00362701,0.000915517
723,0.00180161,0.00359487,0.000908602
724,0.0017822,0.00356277,0.000901072
725,0.00176544,0.00353107,0.000893101
726,0.00175133,0.00350005,0.000884824
727,0.0017397,0.00346993,0.000876356
728,0.00173027,0.0034408,0.000867788
729,0.00172276,0.00341279,0.000859205
730,0.00171683,0.00338599,0.000850694
731,0.00171217,0.00336047,0.000842348
732,0.00170849,0.00333628,0.000834265
733,0.00170557,0.00331348,0.000826547
734,0.00170321,0.0032921,0.000819301
735,0.00170127,0.00327216,0.000812663
736,0.00169965,0.00325368,0.000806661
737,0.00169832,0.00323666,0.000801296
738,0.00169729,0.00322111,0.000796643
739,0.00169313,0.00319931,0.000791856
740,0.00168866,0.00317785,0.000787589
741,0.00168432,0.00315758,0.000784013
742,0.00168012,0.00313827,0.000781158
743,0.00167602,0.00311957,0.000779011
744,0.00167221,0.00310162,0.000777631
745,0.00166889,0.00308457,0.000777078
746,0.00165925,0.00307038,0.00078201
747,0.00164454,0.00305348,0.000787042
748,0.00162709,0.00303262,0.000790402
749,0.00160749,0.00300789,0.00079208
750,0.00158631,0.00297955,0.00079213
751,0.00156408,0.00294805,0.000790656
752,0.00154135,0.00291389,0.000787811
753,0.00151857,0.00287765,0.000783781
754,0.00149622,0.00283993,0.000778781
755,0.00147473,0.00280134,0.000773027
756,0.00145445,0.00276246,0.000766733
757,0.00143568,0.00272381,0.000760092
758,0.00141862,0.00268586,0.000753274
759,0.00140338,0.00264896,0.000746419
760,0.00138997,0.00261341,0.00073964
761,0.00137835,0.00257937,0.000733019
762,0.00136836,0.00254688,0.000726608
763,0.00135986,0.00251594,0.000720466
764,0.00135267,0.00248646,0.000714647
765,0.00134657,0.00245826,0.00070917
766,0.00134139,0.00243115,0.00070406
767,0.00133692,0.00240489,0.000699341
768,0.00133301,0.0023793,0.000695031
769,0.00132952,0.00235423,0.000691148
770,0.00132634,0.0023296,0.000687706
771,0.00132338,0.00230545,0.000684712
772,0.0013206,0.00228187,0.00068217
773,0.00131798,0.00225907,0.000680078
774,0.00131543,0.0022373,0.000678463
775,0.00131298,0.00221683,0.000677219
776,0.00131066,0.00219792,0.000676322
777,0.00130849,0.00218079,0.000675753
778,0.00130653,0.00216552,0.000675501
779,0.00130474,0.00215194,0.000675539
780,0.00130097,0.002136,0.000674956
781,0.00129723,0.00212111,0.000674474
782,0.00129365,0.00210699,0.000674142
783,0.00129034,0.00209331,0.000673975
784,0.00128737,0.0020798,0.000673981
785,0.00128482,0.00206626,0.000674179
786,0.00127934,0.00205391,0.00067668
787,0.00127235,0.00203933,0.000678874
788,0.00126459,0.00202219,0.000680299
789,0.0012562,0.00200278,0.000680956
790,0.0012473,0.0019816,0.000680874
791,0.00123798,0.00195925,0.000680109
792,0.00122833,0.00193639,0.000678743
793,0.00121847,0.00191362,0.00067687
794,0.00120852,0.00189147,0.000674605
795,0.0011986,0.00187029,0.000672077
796,0.00118888,0.00185023,0.000669412
797,0.00117953,0.0018312,0.000666731
798,0.00117072,0.00181295,0.000664142
799,0.00116262,0.00179508,0.000661739
800,0.00115541,0.00177711,0.000659595
801,0.00114924,0.00175857,0.000657768
802,0.00114423,0.00173904,0.000656291
803,0.00114053,0.00171829,0.000655174
804,0.00113826,0.00169623,0.000654418
805,0.00113751,0.001673,0.000654012
806,0.00113835,0.00164888,0.000653938
807,0.00114083,0.00162429,0.000654177
808,0.00114495,0.0015997,0.000654709
809,0.00115072,0.00157557,0.00065551
810,0.00115809,0.00155227,0.000656584
811,0.00116701,0.00152997,0.000657933
812,0.00117741,0.00150867,0.000659575
813,0.00118915,0.00148813,0.000661475
814,0.00120206,0.00146796,0.000663605
815,0.00121594,0.00144766,0.000665957
816,0.00123056,0.00142673,0.000668503
817,0.00124561,0.00140476,0.000671195
818,0.00126077,0.00138153,0.000673968
819,0.00127566,0.00135711,0.00067674
820,0.00128986,0.00133189,0.000679406
821,0.00130299,0.00130652,0.000681849
822,0.00131464,0.00128195,0.000683944
823,0.00132435,0.00125937,0.000685566
824,0.00133169,0.00124003,0.000686584
825,0.00133614,0.00122486,0.000686832
826,0.00133737,0.00121484,0.000686191
827,0.00133383,0.00120949,0.000683958
828,0.00132581,0.00120958,0.000680307
829,0.00131392,0.00121572,0.000675499
830,0.00129815,0.00122744,0.000669553
831,0.00127857,0.00124406,0.000662486
832,0.00125515,0.0012648,0.000654577
833,0.00122652,0.00128867,0.000646758
834,0.0011943,0.00131439,0.000637625
835,0.0011591,0.0013415,0.000627347
836,0.00112159,0.00136963,0.000616137
837,0.00108257,0.00139845,0.000604247
838,0.00104293,0.00142765,0.000591957
839,0.00100356,0.00145698,0.000579561
840,0.00096535,0.00148611,0.000567354
841,0.000929182,0.00151472,0.000555611
842,0.000895841,0.00154249,0.000544561
843,0.00086597,0.00156912,0.000534384
844,0.000840026,0.00159437,0.000525198
845,0.000818255,0.00161806,0.00051707
846,0.000800684,0.00164008,0.000510005
847,0.000787127,0.00166044,0.000503951
848,0.000777216,0.00167922,0.000498804
849,0.000770492,0.00169664,0.000494478
850,0.000766418,0.00171295,0.00049085
851,0.00076444,0.00172848,0.000487794
852,0.000764015,0.00174369,0.000485204
853,0.000764654,0.00175901,0.000482973
854,0.000765943,0.00177484,0.000481019
855,0.000767543,0.00179155,0.000479274
856,0.000769187,0.00180943,0.000477683
857,0.000770685,0.00182867,0.000476201
858,0.000771904,0.00184935,0.000474789
859,0.000772756,0.00187146,0.000473418
860,0.000773202,0.00189488,0.00047205
861,0.00077327,0.00191939,0.000470677
862,0.000773014,0.0019447,0.000469288
863,0.000772511,0.0019705,0.00046787
864,0.000771869,0.00199646,0.000466425
865,0.000771208,0.00202225,0.000464957
866,0.000770661,0.00204761,0.000463481
867,0.000770358,0.00207227,0.000462022
868,0.000770423,0.00209609,0.000460605
869,0.00077096,0.00211895,0.00045926
870,0.000772046,0.00214082,0.000458012
871,0.000773715,0.00216174,0.000456874
872,0.00077596,0.00218178,0.000455861
873,0.00077874,0.00220106,0.000454982
874,0.00078196,0.00221973,0.000454215
875,0.000785488,0.00223793,0.000453529
876,0.00078916,0.0022558,0.00045287
877,0.00079281,0.00227347,0.000452209
878,0.000796257,0.00229103,0.000451466
879,0.000799332,0.00230855,0.000450586
880,0.000801881,0.00232608,0.000449528
881,0.000803795,0.00234365,0.000448248
882,0.000804996,0.00236131,0.000446716
883,0.000805448,0.00237907,0.000444923
884,0.000805152,0.00239701,0.000442879
885,0.000804149,0.00241516,0.000440615
886,0.000802507,0.00243362,0.000438174
887,0.000800315,0.00245245,0.000435611
888,0.000797675,0.00247172,0.000432978
889,0.000794686,0.00249148,0.000430327
890,0.000791453,0.00251176,0.000427727
891,0.000788062,0.00253253,0.000425257
892,0.000784583,0.00255376,0.000422976
893,0.00078109,0.0025754,0.000420927
894,0.000777618,0.00259739,0.000419139
895,0.000774196,0.00261966,0.000417647
896,0.000770852,0.0026422,0.000416475
897,0.000767606,0.00266502,0.000415631
898,0.000764448,0.00268816,0.000415131
899,0.000761357,0.0027117,0.000414979
900,0.000758304,0.0027357,0.000415173
901,0.00075525,0.00276026,0.000415714
902,0.000752133,0.00278542,0.000416592
903,0.000748918,0.0028112,0.000417786
904,0.000745552,0.00283757,0.000419265
905,0.000741994,0.00286447,0.000421001
906,0.000738191,0.00289183,0.000422962
907,0.000734168,0.00291955,0.000425102
908,0.000729955,0.00294753,0.000427385
909,0.000725549,0.00297568,0.000429771
910,0.000721,0.00300392,0.000432222
911,0.000716392,0.00303213,0.000434694
912,0.000711819,0.00306013,0.000437155
913,0.000707391,0.00308768,0.000439579
914,0.000703233,0.00311446,0.000441938
915,0.00069948,0.00314001,0.000444218
916,0.000696269,0.00316379,0.00044642
917,0.000693735,0.00318516,0.000448505
918,0.000692052,0.00320346,0.000450462
919,0.000691395,0.00321801,0.000452272
920,0.000691875,0.00322818,0.000453948
921,0.000693639,0.00323334,0.000455455
922,0.000696778,0.00323293,0.000456838
923,0.000701371,0.0032264,0.00045811
924,0.000707466,0.00321322,0.000459283
925,0.000715077,0.00319278,0.000460376
926,0.000723968,0.00316361,0.000461287
927,0.0007338,0.00312401,0.00046192
928,0.000744938,0.0030752,0.000462515
929,0.000757285,0.00301653,0.00046312
930,0.000770715,0.00294753,0.00046377
931,0.000785062,0.00286801,0.000464527
932,0.000800247,0.00277826,0.000465403
933,0.000816057,0.00267893,0.000465795
934,0.000831888,0.00257173,0.000465807
935,0.000847478,0.00245961,0.000465768
936,0.000862616,0.00234665,0.000465687
937,0.000877099,0.00223842,0.000465562
938,0.000890741,0.00214199,0.000465362
939,0.000903334,0.00206571,0.000465085
940,0.000914683,0.00201851,0.000464726
941,0.000924609,0.00200841,0.000464261
942,0.000932924,0.00204082,0.000463702
943,0.000939508,0.00211718,0.000462964
944,0.000944178,0.00223466,0.000462037
945,0.000946885,0.00238703,0.000460882
946,0.000947657,0.00256623,0.000459422
947,0.000946477,0.00276362,0.000457655
948,0.000943488,0.00297085,0.000455573
949,0.000938787,0.00318017,0.000453192
950,0.000932524,0.00338467,0.000450531
951,0.000924918,0.00357819,0.000447598
952,0.000916191,0.00375539,0.000444411
953,0.000906669,0.00391172,0.000440995
954,0.000896751,0.00404342,0.000437402
955,0.000886861,0.00414753,0.000433708
956,0.000877468,0.0042219,0.000430033
957,0.000869109,0.004265,0.000426436
958,0.000862281,0.00427612,0.000422983
959,0.000857488,0.00425529,0.000419801
960,0.000855189,0.00420325,0.000417037
961,0.000855764,0.00412138,0.000414852
962,0.000859467,0.00401176,0.000413406
963,0.000866392,0.00387714,0.000412839
964,0.000876457,0.00372101,0.000413261
965,0.000889391,0.00354768,0.000414728
966,0.000904758,0.00336242,0.000417179
967,0.000921982,0.00317156,0.000420522
968,0.000940401,0.00298252,0.000424576
969,0.000959317,0.00280387,0.000429097
970,0.000978064,0.0026451,0.000433814
971,0.000996076,0.00251557,0.000438485
972,0.00101293,0.00242326,0.000442917
973,0.00102838,0.00237306,0.00044701
974,0.00104239,0.00236537,0.000450783
975,0.00105507,0.00239579,0.000454434
976,0.00106481,0.00245202,0.000457441
977,0.00107418,0.00252742,0.000460701
978,0.00108284,0.00261069,0.000461805
979,0.00109075,0.0026938,0.000463212
980,0.00109837,0.00276988,0.000465215
981,0.00110602,0.00283425,0.000468016
982,0.00111397,0.00288408,0.000471658
983,0.00112236,0.00291828,0.000476056
984,0.00113118,0.00293716,0.000480968
985,0.00114027,0.00294215,0.000486041
986,0.00114937,0.00293555,0.000490854
987,0.00115816,0.00292018,0.000494977
988,0.00116629,0.00289912,0.000498017
989,0.00117345,0.00287544,0.000499675
990,0.00117932,0.0028519,0.000499797
991,0.00118372,0.00283074,0.000498369
992,0.0011866,0.00281351,0.000495543
993,0.00118789,0.00280097,0.000491599
994,0.00118762,0.00279305,0.000486947
995,0.0011862,0.00278905,0.000482153
996,0.00118398,0.00278776,0.000477804
997,0.0011813,0.0027877,0.000474462
998,0.0011785,0.00278735,0.000472595
999,0.00117585,0.00278545,0.000472511
1000,0.00117356,0.00278111,0.000474333
1001,0.00117181,0.00277394,0.000478013
1002,0.00117065,0.00276402,0.000483306
1003,0.00117005,0.0027519,0.000489862
1004,0.00117005,0.00273851,0.000497299
1005,0.00117065,0.00272499,0.000505278
1006,0.00117194,0.0027125,0.000513539
1007,0.00117408,0.00270202,0.000521941
1008,0.00117733,0.00269426,0.000530483
1009,0.00118203,0.00268948,0.000539297
1010,0.00118869,0.00268757,0.000548632
1011,0.00119716,0.0026865,0.000557824
1012,0.00120446,0.00268026,0.000562412
1013,0.0012119,0.00267381,0.000566627
1014,0.00121929,0.00266629,0.00057056
1015,0.00122635,0.00265705,0.000574191
1016,0.00123284,0.00264576,0.000577462
1017,0.0012385,0.00263242,0.000580265
1018,0.00124309,0.00261728,0.000582463
1019,0.00124637,0.00260084,0.000583908
1020,0.00124817,0.0025837,0.000584464
1021,0.00124836,0.00256651,0.000584101
1022,0.00124686,0.00254979,0.000582723
1023,0.00124367,0.00253395,0.000580334
1024,0.00123886,0.00251915,0.000576995
1025,0.00123257,0.00250534,0.000572822
1026,0.00122481,0.00249226,0.000567899
1027,0.00121563,0.00247952,0.000562356
1028,0.00120547,0.00246676,0.000556406
1029,0.00119462,0.00245365,0.000550245
1030,0.00118338,0.00243996,0.000544043
1031,0.001172,0.00242559,0.000537938
1032,0.00116076,0.00241062,0.000532086
1033,0.00114985,0.00239526,0.000526556
1034,0.00113955,0.00237983,0.000521472
1035,0.00113006,0.00236473,0.000516943
1036,0.0011216,0.00235031,0.000513067
1037,0.00111436,0.00233691,0.000509966
1038,0.00110855,0.00232475,0.000507771
1039,0.00110438,0.00231397,0.000506625
1040,0.00110211,0.00230459,0.000506672
1041,0.00110196,0.00229655,0.000508057
1042,0.00110419,0.00228976,0.000510946
1043,0.0011091,0.00228415,0.000515502
1044,0.00111696,0.00227968,0.000521913
1045,0.00112693,0.00227308,0.000524221
1046,0.00113678,0.00226578,0.000525888
1047,0.00114527,0.00225676,0.000527018
1048,0.00115079,0.00224401,0.000526887
1049,0.0011551,0.00223105,0.000526406
1050,0.00115789,0.00221794,0.000525466
1051,0.00115898,0.00220475,0.000524034
1052,0.00115826,0.00219155,0.00052209
1053,0.00115566,0.00217833,0.000519612
1054,0.00115114,0.00216509,0.000516601
1055,0.00114471,0.00215178,0.000513057
1056,0.00113645,0.00213833,0.000509
1057,0.00112645,0.00212464,0.00050446
1058,0.00111483,0.00211064,0.000499458
1059,0.00110174,0.00209625,0.000494041
1060,0.00108738,0.00208143,0.000488251
1061,0.0010719,0.00206617,0.000482145
1062,0.00105504,0.00205038,0.000475614
1063,0.00103724,0.00203424,0.000468843
1064,0.00101873,0.00201791,0.000461945
1065,0.000999763,0.00200156,0.000455022
1066,0.000980541,0.0019854,0.000448175
1067,0.000961278,0.00196966,0.000441473
1068,0.000942183,0.00195456,0.000434996
1069,0.000923436,0.0019403,0.000428839
1070,0.000905205,0.00192701,0.00042306
1071,0.000887641,0.00191481,0.000417703
1072,0.000870858,0.00190371,0.000412802
1073,0.000854954,0.00189367,0.000408381
1074,0.000840014,0.0018846,0.000404424
1075,0.000826121,0.00187634,0.00040095
1076,0.000813342,0.00186869,0.000397943
1077,0.000801625,0.00186142,0.000395369
1078,0.000790905,0.00185425,0.000393154
1079,0.00078126,0.00184699,0.000391269
1080,0.0007727,0.00183945,0.000389676
1081,0.000765224,0.0018315,0.000388325
1082,0.000758821,0.00182306,0.000387169
1083,0.000753479,0.00181411,0.000386164
1084,0.000749145,0.00180468,0.000385269
1085,0.000745749,0.00179486,0.000384451
1086,0.00074323,0.00178479,0.000383678
1087,0.000741516,0.00177463,0.0003829
1088,0.000740505,0.00176457,0.000382077
1089,0.000740129,0.00175479,0.000381155
1090,0.000740273,0.00174547,0.000380112
1091,0.000740877,0.00173675,0.000378901
1092,0.000741865,0.00172876,0.000377494
1093,0.000743149,0.00172159,0.000375847
1094,0.000744672,0.00171526,0.000373967
1095,0.000746376,0.00170979,0.000371862
1096,0.000748213,0.00170513,0.000369549
1097,0.00075013,0.00170119,0.000367053
1098,0.000752086,0.00169784,0.000364411
1099,0.000754051,0.00169495,0.000361666
1100,0.000755971,0.00169235,0.000358865
1101,0.000757838,0.00168989,0.000356066
1102,0.000759644,0.0016874,0.000353296
1103,0.000761384,0.00168477,0.000350605
1104,0.000763053,0.00168187,0.000348034
1105,0.000764653,0.00167861,0.000345631
1106,0.000766194,0.00167497,0.000343444
1107,0.000767678,0.00167095,0.000341498
1108,0.000769116,0.00166657,0.000339849
1109,0.000770532,0.00166191,0.000338524
1110,0.000771941,0.00165706,0.000337571
1111,0.000773382,0.0016521,0.000337018
1112,0.0007749,0.00164715,0.000336904
1113,0.000776546,0.00164229,0.000337273
1114,0.000778397,0.00163762,0.000338173
1115,0.000780489,0.00163332,0.000339839
1116,0.000782874,0.00162952,0.000342451
1117,0.000785736,0.00162618,0.000345822
1118,0.000789222,0.00162327,0.000349958
1119,0.000793504,0.00162078,0.000354837
1120,0.000798748,0.00161866,0.000360422
1121,0.000805086,0.00161691,0.000366672
1122,0.000812653,0.0016155,0.000373531
1123,0.000821569,0.00161448,0.000380914
1124,0.00083191,0.00161389,0.000388756
1125,0.000843722,0.00161378,0.000396965
1126,0.000857021,0.00161426,0.000405458
1127,0.000871623,0.00161582,0.000414729
1128,0.000887302,0.00161889,0.000425119
1129,0.000904173,0.00162311,0.000435854
1130,0.000922133,0.00162848,0.000446826
1131,0.000941057,0.00163496,0.000457903
1132,0.000960775,0.00164242,0.000468947
1133,0.000981071,0.00165068,0.00047981
1134,0.00100172,0.00165954,0.000490348
1135,0.00102246,0.00166878,0.000500408
1136,0.00104301,0.00167815,0.000509841
1137,0.0010631,0.00168739,0.000518503
1138,0.00108247,0.00169626,0.000526258
1139,0.00110084,0.00170451,0.000532991
1140,0.00111796,0.00171188,0.000538599
1141,0.00113362,0.00171813,0.000542986
1142,0.00114762,0.00172303,0.000546084
1143,0.0011598,0.00172638,0.000547852
1144,0.00117004,0.00172799,0.000548264
1145,0.00117823,0.00172773,0.000547326
1146,0.00118433,0.00172551,0.00054506
1147,0.00118831,0.00172128,0.000541501
1148,0.00119015,0.001715,0.000536719
1149,0.00118987,0.00170671,0.000530795
1150,0.0011875,0.00169649,0.00052382
1151,0.00118309,0.00168446,0.000515903
1152,0.00117671,0.00167078,0.000507168
1153,0.00116843,0.00165566,0.000497749
1154,0.00115834,0.00163929,0.000487789
1155,0.00114653,0.00162189,0.000477443
1156,0.00113309,0.00160364,0.000466873
1157,0.00111811,0.00158475,0.00045626
1158,0.00110168,0.00156532,0.000445766
1159,0.00108389,0.00154549,0.000435564
1160,0.00106484,0.00152537,0.000425823
1161,0.0010446,0.00150509,0.000416706
1162,0.00102329,0.00148475,0.000408361
1163,0.00100099,0.00146447,0.000400914
1164,0.00097778,0.00144433,0.000394482
1165,0.000953751,0.0014244,0.000389133
1166,0.000929007,0.0014048,0.000384908
1167,0.000903662,0.00138563,0.000381815
1168,0.000877842,0.00136695,0.000379825
1169,0.000851711,0.00134885,0.000378873
1170,0.000825452,0.00133141,0.000378868
1171,0.000799279,0.00131464,0.000379694
1172,0.000773439,0.00129859,0.000381212
1173,0.000748205,0.00128325,0.000383283
1174,0.000723876,0.00126862,0.000385763
1175,0.000700777,0.00125471,0.000388509
1176,0.000679251,0.00124151,0.000391383
1177,0.000659655,0.00122909,0.00039427
1178,0.000642293,0.00121737,0.00039704
1179,0.000627474,0.00120635,0.000399576
1180,0.000615473,0.00119609,0.000401807
1181,0.000606503,0.00118659,0.000403666
1182,0.000600705,0.00117789,0.000405119
1183,0.000598132,0.00117002,0.000406151
1184,0.000598747,0.00116296,0.00040677
1185,0.000602414,0.00115668,0.000407001
1186,0.000608942,0.00115116,0.00040689
1187,0.000618072,0.00114637,0.000406499
1188,0.000629503,0.00114227,0.000405903
1189,0.000642914,0.00113882,0.000405183
1190,0.000657972,0.00113599,0.000404428
1191,0.000674344,0.00113375,0.000403736
1192,0.000691721,0.00113209,0.000403204
1193,0.000709817,0.00113099,0.000402921
1194,0.000728372,0.00113045,0.000402962
1195,0.000747154,0.00113044,0.000403396
1196,0.000765967,0.00113094,0.000404277
1197,0.000784637,0.0011319,0.000405643
1198,0.000803001,0.00113322,0.000407504
1199,0.000820947,0.00113484,0.000409854
1200,0.000838372,0.00113669,0.000412667
1201,0.000855185,0.00113866,0.000415901
1202,0.000871296,0.00114065,0.000419493
1203,0.000886619,0.00114252,0.000423367
1204,0.000901106,0.00114414,0.000427434
1205,0.000914657,0.00114536,0.000431588
1206,0.00092723,0.00114608,0.00043573
1207,0.000938788,0.00114626,0.000439759
1208,0.000949298,0.00114583,0.000443575
1209,0.000958729,0.00114474,0.000447081
1210,0.000967046,0.00114295,0.000450183
1211,0.000974212,0.00114038,0.000452809
1212,0.000980189,0.00113702,0.000454894
1213,0.000984943,0.00113281,0.000456381
1214,0.000988443,0.00112775,0.00045723
1215,0.000990664,0.00112182,0.000457412
1216,0.000991569,0.00111499,0.000456912
1217,0.000991136,0.00110727,0.000455727
1218,0.000989349,0.00109868,0.000453873
1219,0.000986204,0.00108925,0.000451372
1220,0.000981705,0.00107903,0.000448262
1221,0.000975871,0.00106807,0.000444589
1222,0.000968733,0.00105644,0.000440407
1223,0.000960331,0.00104418,0.000435755
1224,0.000950725,0.0010314,0.000430726
1225,0.000939989,0.0010182,0.000425396
1226,0.000928204,0.00100466,0.000419843
1227,0.000915465,0.000990878,0.000414141
1228,0.000901875,0.000976934,0.00040836
1229,0.000887537,0.000962864,0.000402557
1230,0.00087257,0.000948747,0.000396804
1231,0.000857028,0.000934459,0.000391128
1232,0.000841033,0.000920017,0.000385561
1233,0.000824737,0.000905481,0.000380131
1234,0.000808267,0.000890873,0.000374867
1235,0.000791777,0.000876255,0.000369791
1236,0.000775425,0.0008617,0.000364921
1237,0.000759372,0.000847289,0.000360276
1238,0.00074378,0.000833104,0.000355872
1239,0.000728811,0.000819237,0.000351729
1240,0.000714623,0.000805775,0.000347872
1241,0.000701373,0.000792826,0.000344339
1242,0.000689205,0.000780476,0.000341174
1243,0.000678267,0.000768806,0.000338426
1244,0.000668709,0.000757937,0.000336163
1245,0.000660485,0.000744796,0.00033142
1246,0.000651716,0.000728285,0.000323548
1247,0.000641506,0.000711416,0.000315499
1248,0.000629933,0.000694183,0.000307382
1249,0.000617149,0.000676569,0.000299333
1250,0.000603351,0.000658581,0.000291474
1251,0.000588752,0.000640271,0.000283898
1252,0.00057356,0.000621742,0.000276672
1253,0.000557932,0.000603058,0.000269819
1254,0.000542069,0.000584493,0.000263371
1255,0.000526135,0.000566279,0.000257331
1256,0.000510279,0.000548626,0.000251695
1257,0.000494628,0.000531698,0.000246459
1258,0.000478862,0.000515133,0.000241352
1259,0.000463242,0.000499178,0.000236466
1260,0.000448225,0.000484261,0.00023203
1261,0.000433873,0.000470378,0.00022804
1262,0.000420235,0.00045753,0.000224485
1263,0.000407316,0.000445651,0.000221341
1264,0.000395087,0.000434678,0.000218587
1265,0.000383524,0.000424622,0.000216194
1266,0.00037259,0.000415508,0.000214131
1267,0.000362242,0.000407314,0.000212356
1268,0.000352439,0.000400028,0.000210825
1269,0.000343145,0.000393609,0.000209494
1270,0.000334332,0.000387996,0.000208319
1271,0.000325977,0.000383107,0.000207257
1272,0.000318064,0.000378848,0.000206271
1273,0.000310579,0.00037512,0.000205323
1274,0.00030351,0.00037183,0.000204379
1275,0.000296844,0.000368891,0.000203417
1276,0.000290566,0.000366238,0.000202415
1277,0.000284645,0.0003638,0.000201356
1278,0.000279047,0.000361526,0.000200231
1279,0.000273749,0.000359407,0.000199037
1280,0.000268716,0.000357424,0.000197773
1281,0.000263915,0.000355563,0.000196449
1282,0.00025931,0.000353806,0.000195075
1283,0.000254871,0.000352137,0.000193668
1284,0.000250569,0.000350545,0.000192244
1285,0.000246382,0.000349016,0.000190821
1286,0.000242275,0.000347497,0.000189417
1287,0.000238216,0.000345968,0.000188033
1288,0.000234166,0.000344408,0.000186666
1289,0.000230148,0.000342835,0.000185371
1290,0.000226166,0.000341247,0.00018416
1291,0.000222225,0.000339642,0.000183038
1292,0.000218339,0.000338015,0.000182007
1293,0.000214531,0.000336359,0.000181067
1294,0.000210829,0.000334664,0.000180213
1295,0.000207271,0.000332916,0.000179435
1296,0.000203875,0.000331098,0.000178725
1297,0.000200668,0.000329196,0.000178083
1298,0.000197682,0.0003272,0.000177502
1299,0.00019495,0.000325103,0.000176974
1300,0.000192502,0.000322904,0.000176496
1301,0.000190354,0.000320607,0.000176062
1302,0.000188521,0.000318231,0.000175674
1303,0.000187003,0.000315789,0.000175327
1304,0.000185794,0.000313306,0.000175019
1305,0.000184879,0.000310821,0.000174748
1306,0.000184237,0.000308375,0.000174513
1307,0.000183843,0.000306013,0.000174315
1308,0.000183667,0.000303781,0.000174153
1309,0.000183679,0.000301718,0.000174027
1310,0.00018385,0.000299856,0.000173939
1311,0.000184152,0.000298216,0.000173887
1312,0.000184559,0.000296802,0.000173872
1313,0.000185051,0.000295605,0.000173892
1314,0.000185609,0.000294598,0.000173947
1315,0.00018622,0.000293741,0.000174033
1316,0.000186872,0.000292983,0.00017415
1317,0.000187556,0.000292266,0.00017429
1318,0.000188278,0.000291525,0.000174453
1319,0.00018904,0.000290699,0.000174634
1320,0.000189849,0.00028973,0.000174828
1321,0.000190713,0.000288572,0.000175032
1322,0.00019164,0.000287188,0.000175238
1323,0.00019264,0.000285553,0.000175441
1324,0.000193722,0.000283658,0.000175637
1325,0.000194894,0.000281504,0.000175818
1326,0.000196165,0.000279109,0.00017598
1327,0.00019754,0.000276499,0.000176119
1328,0.000199022,0.000273714,0.000176231
1329,0.000200615,0.000270802,0.000176311
1330,0.00020231,0.000267817,0.000176355
1331,0.000204109,0.000264823,0.000176365
1332,0.000206007,0.00026189,0.00017634
1333,0.000207998,0.000259088,0.000176281
1334,0.000210074,0.000256488,0.000176189
1335,0.000212227,0.000254158,0.000176068
1336,0.000214445,0.000252156,0.000175922
1337,0.000216717,0.000250533,0.000175757
1338,0.000219031,0.000249323,0.000175576
1339,0.000221374,0.000248546,0.000175385
1340,0.000223735,0.000248204,0.000175191
1341,0.000226101,0.00024828,0.000175
1342,0.000228462,0.000248744,0.00017482
1343,0.000230808,0.000249549,0.000174658
1344,0.000233128,0.000250641,0.000174519
1345,0.000235415,0.000251963,0.00017441
1346,0.000237662,0.000253457,0.000174337
1347,0.00023986,0.00025507,0.000174305
1348,0.000242007,0.000256757,0.000174317
1349,0.000244096,0.000258483,0.000174378
1350,0.000246125,0.000260224,0.00017449
1351,0.000248092,0.000261964,0.000174653
1352,0.000250002,0.000263709,0.00017488
1353,0.00025185,0.00026545,0.000175155
1354,0.000253639,0.000267189,0.00017547
1355,0.000255373,0.000268931,0.000175821
1356,0.000257054,0.000270682,0.000176206
1357,0.000258688,0.000272444,0.00017662
1358,0.000260278,0.000274216,0.000177058
1359,0.000261829,0.000275993,0.000177518
1360,0.000263345,0.000277769,0.000177996
1361,0.000264831,0.000279534,0.000178486
1362,0.000266291,0.000281277,0.000178986
1363,0.000267732,0.000282992,0.000179492
1364,0.00026916,0.000284672,0.000179999
1365,0.00027058,0.000286316,0.000180504
1366,0.000272001,0.000287925,0.000181003
1367,0.000273427,0.000289506,0.000181493
1368,0.000274866,0.000291068,0.00018197
1369,0.000276324,0.000292622,0.000182431
1370,0.000277804,0.000294179,0.000182874
1371,0.000279314,0.000295748,0.000183295
1372,0.000280858,0.000297336,0.000183692
1373,0.000282443,0.000298945,0.000184065
1374,0.000284069,0.000300571,0.000184413
1375,0.000285738,0.000302206,0.000184737
1376,0.00028745,0.000303834,0.000185036
1377,0.000289208,0.000305441,0.000185312
1378,0.00029101,0.000307006,0.000185566
1379,0.000292855,0.000308511,0.000185799
1380,0.000294743,0.00030994,0.000186012
1381,0.00029667,0.000311284,0.000186206
1382,0.000298635,0.000312538,0.000186383
1383,0.000300634,0.000313706,0.000186544
1384,0.000302665,0.000314802,0.000186691
1385,0.000304723,0.000315847,0.000186824
1386,0.000306806,0.000316869,0.000186945
1387,0.000308897,0.000317869,0.000187096
1388,0.000310999,0.000318907,0.000187243
1389,0.000313118,0.000320028,0.000187373
1390,0.000315255,0.00032126,0.000187489
1391,0.000317407,0.000322623,0.000187594
1392,0.000319576,0.000324131,0.000187692
1393,0.000321758,0.000325787,0.000187786
1394,0.000323955,0.000327588,0.000187881
1395,0.000326167,0.000329521,0.000187984
1396,0.000328395,0.000331568,0.0001881
1397,0.000330641,0.000333709,0.000188234
1398,0.00033291,0.000335923,0.000188394
1399,0.000335204,0.000338192,0.000188586
1400,0.000337529,0.000340504,0.000188815
1401,0.000339886,0.000342854,0.000189087
1402,0.000342283,0.000345243,0.000189407
1403,0.000344726,0.000347682,0.000189777
1404,0.000347222,0.000350187,0.000190202
1405,0.000349778,0.00035278,0.000190684
1406,0.000352396,0.000355475,0.000191226
1407,0.000355083,0.00035829,0.00019183
1408,0.000357843,0.000361242,0.000192496
1409,0.000360684,0.000364341,0.000193226
1410,0.000363611,0.000367593,0.00019402
1411,0.00036663,0.000370999,0.000194877
1412,0.000369749,0.000374557,0.000195799
1413,0.000372973,0.000378261,0.000196784
1414,0.000376309,0.000382107,0.000197831
1415,0.000379765,0.000386093,0.000198941
1416,0.000383347,0.000390219,0.000200112
1417,0.00038706,0.00039449,0.000201344
1418,0.000390915,0.000398916,0.000202638
1419,0.000394919,0.00040351,0.000203993
1420,0.000399082,0.000408294,0.000205412
1421,0.000403414,0.000413285,0.000206896
1422,0.000407927,0.000418506,0.000208448
1423,0.000412631,0.000423977,0.000210073
1424,0.000417543,0.00042972,0.000211777
1425,0.000422675,0.000435753,0.000213567
1426,0.000428041,0.000442095,0.000215449
1427,0.000433659,0.000448762,0.000217434
1428,0.000439117,0.000456834,0.000220402
1429,0.000443695,0.0004674,0.000225429
1430,0.000448521,0.000477831,0.000230429
1431,0.000453615,0.00048805,0.000235344
1432,0.000458968,0.000498004,0.000240124
1433,0.000464549,0.000507662,0.000244721
1434,0.000470313,0.000517008,0.000249097
1435,0.000476204,0.000526028,0.00025322
1436,0.00048216,0.000534714,0.000257065
1437,0.000488122,0.000543052,0.000260614
1438,0.000494033,0.000551023,0.000263859
1439,0.000499838,0.000558604,0.000266794
1440,0.000505491,0.000565764,0.000269421
1441,0.000510951,0.00057247,0.000271745
1442,0.000516179,0.00057869,0.000273773
1443,0.000521144,0.00058439,0.000275514
1444,0.000525816,0.000589545,0.00027698
1445,0.000530171,0.000594132,0.00027818
1446,0.000534184,0.000598137,0.000279125
1447,0.000537836,0.000601554,0.000279824
1448,0.00054111,0.000604384,0.000280285
1449,0.00054399,0.000606636,0.000280518
1450,0.000546464,0.000608321,0.00028053
1451,0.000548524,0.000609456,0.000280327
1452,0.000550163,0.000610057,0.000279919
1453,0.000551378,0.000610144,0.00027931
1454,0.00055217,0.000609732,0.00027851
1455,0.000552542,0.00060884,0.000277526
1456,0.000552499,0.000607481,0.000276366
1457,0.00055205,0.000605671,0.000275038
1458,0.000551203,0.000603423,0.00027355
1459,0.00054997,0.000600749,0.000271912
1460,0.000548362,0.000597665,0.000270132
1461,0.000546391,0.000594185,0.000268217
1462,0.000544071,0.000590324,0.000266178
1463,0.000541413,0.0005861,0.00026402
1464,0.00053843,0.000581533,0.000261752
1465,0.000535134,0.000576641,0.000259382
1466,0.000531537,0.000571446,0.000256917
1467,0.000527652,0.00056597,0.000254363
1468,0.000523489,0.000560233,0.000251728
1469,0.000519059,0.000554257,0.000249017
1470,0.000514375,0.000548062,0.000246237
1471,0.000509448,0.00054167,0.000243393
1472,0.000504288,0.000535098,0.000240492
1473,0.000498906,0.000528365,0.00023754
1474,0.000493314,0.000521488,0.000234541
1475,0.000487521,0.000514483,0.000231502
1476,0.00048154,0.000507363,0.000228428
1477,0.00047538,0.000500143,0.000225324
1478,0.000469053,0.000492833,0.000222196
1479,0.000462567,0.000485444,0.000219049
1480,0.000455934,0.000477985,0.000215888
1481,0.000449164,0.000470462,0.00021272
1482,0.000442266,0.000462881,0.000209549
1483,0.000435249,0.000455246,0.00020638
1484,0.000428124,0.000447561,0.00020322
1485,0.000420899,0.000439828,0.000200074
1486,0.000413582,0.000432051,0.000196947
1487,0.000406182,0.000424233,0.000193846
1488,0.000398707,0.000416382,0.000190775
1489,0.000391165,0.000408505,0.00018774
1490,0.000383562,0.000400614,0.000184747
1491,0.000375905,0.000392722,0.0001818
1492,0.000368202,0.000384847,0.000178904
1493,0.000360457,0.000377007,0.000176063
1494,0.000352679,0.000369223,0.000173282
1495,0.000344873,0.000361515,0.000170564
1496,0.000337047,0.000353901,0.000167912
1497,0.000329207,0.000346398,0.000165329
1498,0.000321363,0.000339016,0.000162816
1499,0.000313523,0.000331764,0.000160376
1500,0.000305697,0.000324643,0.000158008
1501,0.000297896,0.000317651,0.000155713
1502,0.000290132,0.000310784,0.00015349
1503,0.000282417,0.000304031,0.000151338
1504,0.000274764,0.000297386,0.000149256
1505,0.000267189,0.000290841,0.000147241
1506,0.000259704,0.000284392,0.000145291
1507,0.000252326,0.000278039,0.000143403
1508,0.000245067,0.000271786,0.000141574
1509,0.000237944,0.000265644,0.0001398
1510,0.00023097,0.000259623,0.000138079
1511,0.00022416,0.000253741,0.000136408
1512,0.000217527,0.000248013,0.000134783
1513,0.000211084,0.000242454,0.000133204
1514,0.000204842,0.000237077,0.00013167
1515,0.000198815,0.000231888,0.000130178
1516,0.000193011,0.000226892,0.00012873
1517,0.000187451,0.000222119,0.000127384
1518,0.000182115,0.000217526,0.000126075
1519,0.000177011,0.000213101,0.000124793
1520,0.000172149,0.000208836,0.000123541
1521,0.000167534,0.000204728,0.000122324
1522,0.000163167,0.000200774,0.000121145
1523,0.000159048,0.000196976,0.000120013
1524,0.000155175,0.000193337,0.00011893
1525,0.000151543,0.000189866,0.000117902
1526,0.000148147,0.000186569,0.000116932
1527,0.000144985,0.000183455,0.000116023
1528,0.000142051,0.00018053,0.000115176
1529,0.000139343,0.000177795,0.000114389
1530,0.000136856,0.00017525,0.000113662
1531,0.00013459,0.000172888,0.000112993
1532,0.000132541,0.0001707,0.000112377
1533,0.000130708,0.000168675,0.000111811
1534,0.000129085,0.000166797,0.000111289
1535,0.00012767,0.000165053,0.000110808
1536,0.000126452,0.000163429,0.000110364
1537,0.000125384,0.000161907,0.000109959
1538,0.000124485,0.00016048,0.000109577
1539,0.000123745,0.000159141,0.000109216
1540,0.000123152,0.000157888,0.000108872
1541,0.000122692,0.000156718,0.000108545
1542,0.000122349,0.000155631,0.000108232
1543,0.000122108,0.000154625,0.000107934
1544,0.000121951,0.0001537,0.000107651
1545,0.000121862,0.000152853,0.000107383
1546,0.000121825,0.000152084,0.000107132
1547,0.000121823,0.000151388,0.000106897
1548,0.000121834,0.000150762,0.00010668
1549,0.000121837,0.0001502,0.000106483
1550,0.000121827,0.0001497,0.000106304
1551,0.000121792,0.000149257,0.000106145
1552,0.000121722,0.000148868,0.000106007
1553,0.000121612,0.000148526,0.00010589
1554,0.000121455,0.000148222,0.000105793
1555,0.000121248,0.000147944,0.000105716
1556,0.000120992,0.000147678,0.000105657
1557,0.000120687,0.000147406,0.000105614
1558,0.000120337,0.00014711,0.000105585
1559,0.000119947,0.000146768,0.000105567
1560,0.000119523,0.000146359,0.000105558
1561,0.000119073,0.000145865,0.000105553
1562,0.000118605,0.000145268,0.00010555
1563,0.000118127,0.000144556,0.000105544
1564,0.000117648,0.00014372,0.000105533
1565,0.000117175,0.000142759,0.000105513
1566,0.000116716,0.000141677,0.000105482
1567,0.000116276,0.000140482,0.000105436
1568,0.00011586,0.000139189,0.000105375
1569,0.000115471,0.000137815,0.000105298
1570,0.000115111,0.00013638,0.000105202
1571,0.00011478,0.000134903,0.00010509
1572,0.000114478,0.000133404,0.000104961
1573,0.000114201,0.000131898,0.000104816
1574,0.000113948,0.000130399,0.000104658
1575,0.000113715,0.000128916,0.000104488
1576,0.000113494,0.000127454,0.000104311
1577,0.000113283,0.000126012,0.000104127
1578,0.000113078,0.000124592,0.000103938
1579,0.000112878,0.00012319,0.000103745
1580,0.000112678,0.000121807,0.000103552
1581,0.000112478,0.000120442,0.000103359
1582,0.000112276,0.000119098,0.000103168
1583,0.000112071,0.000117782,0.000102978
1584,0.000111865,0.000116501,0.00010279
1585,0.00011166,0.000115268,0.000102603
1586,0.000111456,0.000114094,0.000102415
1587,0.000111258,0.00011299,0.000102226
1588,0.000111069,0.000111966,0.000102034
1589,0.000110893,0.000111027,0.000101837
1590,0.000110733,0.000110175,0.000101634
1591,0.000110594,0.000109405,0.000101422
1592,0.000110479,0.000108708,0.000101202
1593,0.00011039,0.00010807,0.000100971
1594,0.000110329,0.000107477,0.00010073
1595,0.000110298,0.00010691,0.000100479
1596,0.000110295,0.000106354,0.000100217
1597,0.00011032,0.000105796,9.99469e-05
1598,0.000110369,0.000105227,9.96688e-05
1599,0.000110439,0.00010464,9.93846e-05
1600,0.000110525,0.000104037,9.90961e-05
1601,0.000110621,0.000103419,9.88057e-05
1602,0.000110713,0.000102789,9.8515e-05
1603,0.000110803,0.000102158,9.82269e-05
1604,0.000110885,0.000101533,9.79438e-05
1605,0.000110954,0.000100924,9.76682e-05
1606,0.000111005,0.000100335,9.74024e-05
1607,0.000111037,9.9771e-05,9.71486e-05
1608,0.000111047,9.92337e-05,9.69085e-05
1609,0.000111033,9.87234e-05,9.66833e-05
1610,0.000110997,9.82394e-05,9.6474e-05
1611,0.00011094,9.77808e-05,9.62807e-05
1612,0.000110865,9.73466e-05,9.61032e-05
1613,0.000110775,9.69367e-05,9.59406e-05
1614,0.000110677,9.65519e-05,9.57915e-05
1615,0.000110574,9.61932e-05,9.56541e-05
1616,0.000110474,9.58623e-05,9.5526e-05
1617,0.000110384,9.55605e-05,9.5405e-05
1618,0.000110309,9.52885e-05,9.52886e-05
1619,0.000110256,9.5046e-05,9.51741e-05
1620,0.000110232,9.48318e-05,9.50592e-05
1621,0.000110243,9.46438e-05,9.49419e-05
1622,0.000110293,9.44795e-05,9.48204e-05
1623,0.000110387,9.43364e-05,9.46933e-05
1624,0.000110526,9.42123e-05,9.45597e-05
1625,0.000110714,9.41066e-05,9.44192e-05
1626,0.000110949,9.40198e-05,9.42719e-05
1627,0.000111232,9.39542e-05,9.41183e-05
1628,0.000111559,9.39134e-05,9.39591e-05
1629,0.000111928,9.39022e-05,9.3796e-05
1630,0.000112334,9.39262e-05,9.36308e-05
1631,0.000112771,9.39908e-05,9.34656e-05
1632,0.000113236,9.41011e-05,9.33026e-05
1633,0.000113722,9.42609e-05,9.31442e-05
1634,0.000114223,9.44728e-05,9.29927e-05
1635,0.000114735,9.4738e-05,9.28506e-05
1636,0.000115252,9.50559e-05,9.27202e-05
1637,0.00011577,9.54251e-05,9.26032e-05
1638,0.000116284,9.5843e-05,9.25014e-05
1639,0.000116791,9.63067e-05,9.24159e-05
1640,0.00011729,9.68128e-05,9.23476e-05
1641,0.000117776,9.73567e-05,9.22955e-05
1642,0.000118247,9.79324e-05,9.22577e-05
1643,0.000118705,9.8541e-05,9.22373e-05
1644,0.000119148,9.918e-05,9.22333e-05
1645,0.000119579,9.98469e-05,9.22445e-05
1646,0.000119997,0.000100539,9.22688e-05
1647,0.000120406,0.000101255,9.23038e-05
1648,0.000120808,0.00010199,9.23468e-05
1649,0.000121206,0.000102743,9.2395e-05
1650,0.000121603,0.000103511,9.24452e-05
1651,0.000122003,0.00010429,9.24944e-05
1652,0.000122407,0.000105076,9.25397e-05
1653,0.000122818,0.000105868,9.25784e-05
1654,0.000123239,0.000106661,9.26081e-05
1655,0.00012367,0.000107452,9.26266e-05
1656,0.000124113,0.00010824,9.26325e-05
1657,0.000124566,0.000109021,9.26249e-05
1658,0.000125029,0.000109792,9.26026e-05
1659,0.0001255,0.000110551,9.25655e-05
1660,0.000125975,0.000111295,9.25137e-05
1661,0.000126452,0.000112023,9.24482e-05
1662,0.000126926,0.000112732,9.237e-05
1663,0.000127395,0.00011342,9.22804e-05
1664,0.000127852,0.000114086,9.21813e-05
1665,0.000128295,0.00011473,9.20746e-05
1666,0.000128717,0.000115349,9.19621e-05
1667,0.000129116,0.000115945,9.18461e-05
1668,0.000129486,0.000116515,9.17284e-05
1669,0.000129824,0.000117061,9.1611e-05
1670,0.000130127,0.000117581,9.1495e-05
1671,0.000130391,0.000118077,9.1382e-05
1672,0.000130616,0.00011855,9.12736e-05
1673,0.0001308,0.000118999,9.11705e-05
1674,0.000130942,0.000119427,9.10734e-05
1675,0.000131042,0.000119833,9.09824e-05
1676,0.000131102,0.000120218,9.08974e-05
1677,0.000131123,0.000120583,9.0818e-05
1678,0.000131106,0.000120929,9.07434e-05
1679,0.000131055,0.000121256,9.06726e-05
1680,0.000130973,0.000121564,9.06044e-05
1681,0.000130862,0.000121855,9.05374e-05
1682,0.000130726,0.000122127,9.04702e-05
1683,0.000130569,0.000122381,9.04012e-05
1684,0.000130394,0.000122618,9.03288e-05
1685,0.000130205,0.000122838,9.02517e-05
1686,0.000130006,0.000123041,9.01682e-05
1687,0.000129798,0.000123226,9.00773e-05
1688,0.000129585,0.000123395,8.99777e-05
1689,0.00012937,0.000123547,8.98685e-05
1690,0.000129153,0.000123682,8.9749e-05
1691,0.000128938,0.0001238,8.96186e-05
1692,0.000128724,0.000123902,8.94772e-05
1693,0.000128512,0.000123988,8.93246e-05
1694,0.000128303,0.000124057,8.9161e-05
1695,0.000128096,0.00012411,8.89868e-05
1696,0.000127892,0.000124147,8.88024e-05
1697,0.000127688,0.000124168,8.86086e-05
1698,0.000127485,0.000124173,8.84061e-05
1699,0.00012728,0.000124162,8.81958e-05
1700,0.000127073,0.000124135,8.79787e-05
1701,0.000126862,0.000124091,8.77558e-05
1702,0.000126645,0.000124031,8.7528e-05
1703,0.000126422,0.000123955,8.72964e-05
1704,0.00012619,0.000123862,8.70617e-05
1705,0.000125949,0.000123752,8.68248e-05
1706,0.000125697,0.000123625,8.65865e-05
1707,0.000125433,0.000123481,8.63473e-05
1708,0.000125157,0.000123321,8.61079e-05
1709,0.000124868,0.000123144,8.58685e-05
1710,0.000124566,0.00012295,8.56295e-05
1711,0.00012425,0.00012274,8.5391e-05
1712,0.000123919,0.000122514,8.51531e-05
1713,0.000123575,0.000122272,8.49157e-05
1714,0.000123217,0.000122014,8.46786e-05
1715,0.000122845,0.00012174,8.44418e-05
1716,0.00012246,0.000121451,8.42049e-05
1717,0.000122063,0.000121148,8.39682e-05
1718,0.000121653,0.000120829,8.37308e-05
1719,0.000121231,0.000120495,8.34923e-05
1720,0.000120796,0.000120146,8.32526e-05
1721,0.000120349,0.000119782,8.30114e-05
1722,0.000119891,0.000119403,8.27685e-05
1723,0.000119422,0.000119009,8.25236e-05
1724,0.000118941,0.000118601,8.22768e-05
1725,0.000118449,0.000118179,8.20278e-05
1726,0.000117945,0.000117744,8.17768e-05
1727,0.00011743,0.000117295,8.15238e-05
1728,0.000116903,0.000116832,8.12687e-05
1729,0.000116363,0.000116357,8.10118e-05
1730,0.000115811,0.000115869,8.07532e-05
1731,0.000115247,0.000115369,8.0493e-05
1732,0.000114669,0.000114857,8.02313e-05
1733,0.000114078,0.000114334,7.99683e-05
1734,0.000113473,0.000113799,7.97042e-05
1735,0.000112855,0.000113253,7.94389e-05
1736,0.000112223,0.000112696,7.91727e-05
1737,0.000111577,0.000112129,7.89055e-05
1738,0.000110918,0.000111551,7.86374e-05
1739,0.000110246,0.000110963,7.83682e-05
1740,0.000109561,0.000110364,7.8098e-05
1741,0.000108865,0.000109756,7.78266e-05
1742,0.000108156,0.000109137,7.75539e-05
1743,0.000107437,0.000108509,7.72796e-05
1744,0.000106708,0.000107872,7.70037e-05
1745,0.000105969,0.000107224,7.67258e-05
1746,0.000105221,0.000106567,7.64457e-05
1747,0.000104465,0.000105901,7.61635e-05
1748,0.000103703,0.000105225,7.58788e-05
1749,0.000102934,0.00010454,7.55918e-05
1750,0.000102159,0.000103846,7.53021e-05
1751,0.00010138,0.000103143,7.501e-05
1752,0.000100596,0.000102431,7.47154e-05
1753,9.98076e-05,0.00010171,7.44184e-05
1754,9.90159e-05,0.00010098,7.41191e-05
1755,9.82207e-05,0.000100241,7.38178e-05
1756,9.74222e-05,9.9494e-05,7.35148e-05
